"GROUP","TITLE","LAST NAME","FIRST NAME","MATRICULATION NUMBER","GENDER","EMAIL","PLACE","STATUS_REACHED_ON","NOTE","REFERENCE NUMBER","PREFERENCE","ID OF DEGREE PROGRAMME","DEGREE PROGRAMME","CURRICULUM_CONTEXT_ID","CURRICULUM_CONTEXT_NAME","SEM. WITHIN DEGREE PROGRAMME","DATE OF REGISTRATION","SUBJECT-SPECIFIC SEMESTER ","REGISTRATION_PROCEDURE","REGISTRATION PROCEDURE SHORT","REGISTRATION_PROCEDURE_STATUS","TEAM NAME"
"Standardgruppe","","Abed Elhadi","Ward"," 03729537","M","ge38yep@mytum.de","Requirements met","19.10.2025 18:30","","15766","Präferenz 3","[1630 16 500]","Electrical Engineering and Information Technology (kA) - Master of Science","","[VK] Seminar VLSI Design Methods (74320)","3","19.10.2025 18:30","3","HSVLSI","HSVLSI","published",""
"Standardgruppe","","Abouelkheir","Nour"," 03756896","W","nour.abouelkheir@tum.de","Requirements met","02.09.2025 19:29","","11362","Präferenz 1","[1630 16 500]","Electrical Engineering and Information Technology (kA) - Master of Science","","[VK] Seminar VLSI Design Methods (74320)","2","02.09.2025 19:29","2","HSVLSI","HSVLSI","published",""
"Standardgruppe","","Akdeniz","Ipek"," 03756507","W","ipek.akdeniz@tum.de","Confirmed place","15.10.2025 14:26","Geier;Managing Schedules and Memory Coherence in Heterogeneous System of Chiplets","13891","Präferenz 1","[1630 16 500]","Electrical Engineering and Information Technology (kA) - Master of Science","","[VK] Seminar VLSI Design Methods (74320)","3","10.09.2025 12:17","3","HSVLSI","HSVLSI","published",""
"Standardgruppe","","Çetinkaya","Melis"," 03752843","W","melis.cetinkaya@tum.de","Confirmed place","15.10.2025 14:26",Geier;GPU-accelerated RTL Simulation","17378","Präferenz 3","[1630 16 500]","Electrical Engineering and Information Technology (kA) - Master of Science","","[VK] Seminar VLSI Design Methods (74320)","2","05.09.2025 13:04","2","HSVLSI","HSVLSI","published",""
"Standardgruppe","","Chen","Junpeng"," 03742284","M","ge78pav@mytum.de","Confirmed place","15.10.2025 14:25","Wolters;Chip Placement with Deep Reinforcement Learning","15431","Präferenz 1","[1630 16 500]","Electrical Engineering and Information Technology (kA) - Master of Science","","[VK] Seminar VLSI Design Methods (74320)","3","02.09.2025 16:23","3","HSVLSI","HSVLSI","published",""
"Standardgruppe","","Çollaku","Elsa"," 03742786","W","ge65dep@tum.de","Requirements met","05.09.2025 13:40","","13766","Präferenz 3","[1630 16 500]","Electrical Engineering and Information Technology (kA) - Master of Science","","[VK] Seminar VLSI Design Methods (74320)","3","05.09.2025 13:40","3","HSVLSI","HSVLSI","published",""
"Standardgruppe","","Jin","Zhilin"," 03761998","M","ge45cij@mytum.de","Requirements met","23.09.2025 10:35","","17217","Präferenz 3","[1630 16 500]","Electrical Engineering and Information Technology (kA) - Master of Science","","[VK] Seminar VLSI Design Methods (74320)","2","23.09.2025 10:35","2","HSVLSI","HSVLSI","published",""
"Standardgruppe","","Jrad","Firas"," 03742847","M","ge65sun@mytum.de","Requirements met","09.10.2025 15:47","","17951","Präferenz 3","[1630 16 500]","Electrical Engineering and Information Technology (kA) - Master of Science","","[VK] Seminar VLSI Design Methods (74320)","4","09.10.2025 15:47","4","HSVLSI","HSVLSI","published",""
"Standardgruppe","","Lange","Emil"," 03796060","M","emil.lange@tum.de","Confirmed place","15.10.2025 14:25","Foik;The ZSim Performance Simulator","19528","Präferenz 1","[1630 16 500]","Electrical Engineering and Information Technology (kA) - Master of Science","","[VK] Seminar VLSI Design Methods (74320)","4","14.10.2025 19:29","4","HSVLSI","HSVLSI","published",""
"Standardgruppe","","Lobis","Michael"," 03758971","M","michael.lobis@tum.de","Confirmed place","24.10.2025 16:03","Schaible;Innovative Memory Architectures in DNN Accelerators","10301","Präferenz 1","[1630 16 500]","Electrical Engineering and Information Technology (kA) - Master of Science","","[VK] Seminar VLSI Design Methods (74320)","3","12.10.2025 16:58","3","HSVLSI","HSVLSI","published",""
"Standardgruppe","","Looser","Maximilian"," 03774582","M","maximilian.looser@tum.de","Confirmed place","03.11.2025 16:41","Kunz;Staying Relevant: Investigation on Embedded Software Project Requirements to ensure easy, safe, and secure OTA-Update Ability","16347","Präferenz 3","[1630 17 500]","Electrical Engineering and Information Technology (kA) - Bachelor of Science","","Free registration","7","20.10.2025 12:44","7","HSVLSI","HSVLSI","published",""
"Standardgruppe","","Struk","Danylo"," 03743886","M","ge65taf@mytum.de","Confirmed place","24.10.2025 16:02","Schaible;Placement of Systolic Arrays for Neural Network Accelerators","10006","Präferenz 1","[1630 16 500]","Electrical Engineering and Information Technology (kA) - Master of Science","","[VK] Seminar VLSI Design Methods (74320)","2","09.10.2025 13:13","2","HSVLSI","HSVLSI","published",""
"Standardgruppe","","Yasim","Vianca"," 03743170","W","vianca.yasim@tum.de","Confirmed place","15.10.2025 14:25","Foik;Comparing Performance Estimation Methods for Instruction-Level Simulations","11518","Präferenz 3","[1630 16 500]","Electrical Engineering and Information Technology (kA) - Master of Science","","[VK] Seminar VLSI Design Methods (74320)","3","02.09.2025 15:42","3","HSVLSI","HSVLSI","published",""
"Standardgruppe","","Zhang","Chaodong"," 03798711","M","chaodong.zhang@tum.de","Requirements met","04.10.2025 19:22","","16597","Präferenz 3","[1630 16 500]","Electrical Engineering and Information Technology (kA) - Master of Science","","[VK] Seminar VLSI Design Methods (74320)","3","04.10.2025 19:22","3","HSVLSI","HSVLSI","published",""
"Standardgruppe","","Zhou","Jinle"," 03797245","M","jinle.zhou@tum.de","Requirements met","30.09.2025 23:43","","10162","Präferenz 3","[1630 16 500]","Electrical Engineering and Information Technology (kA) - Master of Science","","[VK] Seminar VLSI Design Methods (74320)","4","30.09.2025 23:43","5","HSVLSI","HSVLSI","published",""
